nome,tipo,esfera,endereco,bairro,cep,telefone,longitude,latitude,distrito
CTA IST/AIDS CIDADE TIRADENTES,Centro de Testagem e Acompanhamento DST/AIDS,Municipal,"R. MILAGRE DOS PEIXES, 357",CONJUNTO HABITACIONA,08474-120,2282-7055 / 2964-0784,-46.408806,-23.58261402,Cidade Tiradentes
CTA IST/AIDS GUAIANASES,Centro de Testagem e Acompanhamento DST/AIDS,Municipal,"R. CENTRALINA, 168",GUAIANASES,08410-000,2554-5312,-46.416156,-23.54490502,Guaianases
CTA IST/AIDS HENFIL - HENRIQUE DE SOUZA FILHO,Centro de Testagem e Acompanhamento DST/AIDS,Municipal,"R. LÍBERO BADARÓ, 144",CENTRO,01008-000,3241-1627,-46.637167,-23.54832802,Sé
CTA IST/AIDS ITINERANTE DA CIDADE DE SÃO PAULO,Centro de Testagem e Acompanhamento DST/AIDS,Municipal,"R. GENERAL JARDIM, 36",VILA BUARQUE,01223-010,2027-2000,-46.645035,-23.54433702,República
CTA IST/AIDS JOSE ARAUJO LIMA FILHO,Centro de Testagem e Acompanhamento DST/AIDS,Municipal,"R. LOUIS BOULANGER, 120",BAIRRO JD BOM REFUGI,05788-330,5891-6604,-46.7762684,-23.63288301,Campo Limpo
CTA IST/AIDS MOOCA,Centro de Testagem e Acompanhamento DST/AIDS,Municipal,"R. TAQUARI, 549",MOOCA,03166-000,2694-3338,-46.59824,-23.55129201,Mooca
CTA IST/AIDS PIRITUBA,Centro de Testagem e Acompanhamento DST/AIDS,Municipal,"AV. DR FELIPE PINEL, 12",PIRITUBA,02939-000,3974-8580,-46.727053,-23.48709202,Pirituba
CTA IST/AIDS SANTO AMARO - PAULA LEGNO,Centro de Testagem e Acompanhamento DST/AIDS,Municipal,"AV. MARIO LOPES LEAO, 240",SANTO AMARO,04754-010,5686-9960,-46.707854,-23.65060102,Santo Amaro
CTA IST/AIDS SÃO MIGUEL,Centro de Testagem e Acompanhamento DST/AIDS,Municipal,"R. JOSE ALDO PIASSI, 85",SÃO MIGUEL PAULISTA,08011-300,2297-6052,-46.4444768,-23.49392502,São Miguel
CTA IST/AIDS SERGIO AROUCA,Centro de Testagem e Acompanhamento DST/AIDS,Municipal,"R. VALENTE DE NOVAIS, 131",ITAIM PAULISTA,08120-420,2561-3052 / 2963-3458,-46.396623,-23.50117402,Itaim Paulista
SAE IST AIDS VILA PRUDENTE - SHIRLEI MARIOTTI GOMES COELHO,Serviço de Atendimento Especializado em DST/AIDS (SAE),Municipal,"PRAÇA DO CENTENARIO DE VILA PRUDENTE, 108",VILA PRUDENTE,03132-050,2061-7836,-46.583095,-23.58197402,Vila Prudente
SAE IST/AIDS - FIDELIS RIBEIRO,Serviço de Atendimento Especializado em DST/AIDS (SAE),Municipal,"R. PEIXOTO, 100",PONTE RASA,03627-010,2621-0217,-46.50538,-23.51207702,Ponte Rasa
SAE IST/AIDS - SÃO MATEUS,Serviço de Atendimento Especializado em DST/AIDS (SAE),Municipal,"AV. MATEO BEI, 838",SÃO MATEUS,03949-000,2919-0697,-46.489813,-23.59057901,São Mateus
SAE IST/AIDS BUTANTÃ,Serviço de Atendimento Especializado em DST/AIDS (SAE),Municipal,"R. DR BERNARDO GUERTZENSTEIN, 45",RIO PEQUENO,05381-020,3765-1692,-46.761165,-23.57271801,Rio Pequeno
SAE IST/AIDS CAMPOS ELISEOS,Serviço de Atendimento Especializado em DST/AIDS (SAE),Municipal,"ALAMEDA CLEVELAND, 374",CAMPOS ELÍSEOS,01230-000,3331-1216,-46.641597,-23.53213002,Santa Cecília
SAE IST/AIDS CECI,Serviço de Atendimento Especializado em DST/AIDS (SAE),Municipal,"AV. CECI, 2235",PLANALTO PAULISTA,04065-004,2276-9719,-46.646347,-23.62867202,Saúde
SAE IST/AIDS CIDADE DUTRA,Serviço de Atendimento Especializado em DST/AIDS (SAE),Municipal,"R. CRISTINA VASCONCELOS CECCATO, 109",CIDADE DUTRA,04802-080,5666-8386 / 5666-8301,-46.705185,-23.71064902,Cidade Dutra
SAE IST/AIDS CIDADE LIDER II,Serviço de Atendimento Especializado em DST/AIDS (SAE),Municipal,"R. MEDIO IGUAÇU, 86",CIDADE LIDER,08285-130,2748-0255,-46.471147,-23.55431201,Cidade Líder
SAE IST/AIDS HERBERT DE SOUZA - BETINHO,Serviço de Atendimento Especializado em DST/AIDS (SAE),Municipal,"AV. ARQUITETO VILANOVA ARTIGAS, 515",JD SAPOPEMBA,03928-240,2704-3341,-46.50336,-23.60583502,Sapopemba
SAE IST/AIDS IPIRANGA - DR. JOSÉ FRANCISCO DE ARAÚJO,Serviço de Atendimento Especializado em DST/AIDS (SAE),Municipal,"R. GONÇALVES LEDO, 606",IPIRANGA,04216-030,2273-5073,-46.599909,-23.59700002,Ipiranga
SAE IST/AIDS JARDIM MITSUTANI,Serviço de Atendimento Especializado em DST/AIDS (SAE),Municipal,"R. VITTORIO EMANUELE ROSSI, 97",JARDIM BOM REFUGIO,05788-280,5841-9020,-46.781379,-23.64378302,Campo Limpo
SAE IST/AIDS LAPA - PAULO CÉSAR BONFIM,Serviço de Atendimento Especializado em DST/AIDS (SAE),Municipal,"R. TOMÉ DE SOUZA, 30",LAPA,05079-000,3832-2386,-46.706998,-23.52533202,Lapa
SAE IST/AIDS M BOI MIRIM,Serviço de Atendimento Especializado em DST/AIDS (SAE),Municipal,"R. DEOCLECIANO DE OLIVEIRA FILHO, 641",PQ STO ANTONIO,05834-000,5515-6207,-46.756289,-23.66951602,Jardim São Luís
SAE IST/AIDS NOSSA SENHORA DO O,Serviço de Atendimento Especializado em DST/AIDS (SAE),Municipal,"AV. ITABERABA, 1377",FREGUESIA DO Ó,02734-000,3975-9473,-46.69454,-23.48999501,Freguesia do Ó
SAE IST/AIDS PENHA,Serviço de Atendimento Especializado em DST/AIDS (SAE),Municipal,"PRAÇA NOSSA SENHORA DA PENHA, 55",PENHA,03632-010,2092-4020,-46.550441,-23.52646002,Penha
SAE IST/AIDS SANTANA - MARCOS LUTEMBERG,Serviço de Atendimento Especializado em DST/AIDS (SAE),Municipal,"R. DR LUIS LUSTOSA DA SILVA, 339",MANDAQUI,02406-040,2950-9217,-46.629398,-23.48607702,Santana
SAE IST/AIDS SANTO AMARO - DRA. DENIZE DORNELAS DE OLIVEIRA,Serviço de Atendimento Especializado em DST/AIDS (SAE),Municipal,"R. PADRE JOSÉ DE ANCHIETA, 640",SANTO AMARO,04742-001,5524-3032 / 5523-3539,-46.70297,-23.64938202,Santo Amaro
FARMACIA MEDEX CRT AIDS,SEM TIPO,Estadual,"R. SANTA CRUZ, 81",VILA MARIANA,04121-000,,-46.636054,-23.59665601,Vila Mariana
